store_id,gender,age_band,member_share
S01,女,10代,0.0124
S01,女,20代,0.1178
S01,女,30代,0.1488
S01,女,40代,0.124
S01,女,50代,0.0992
S01,女,60代,0.0744
S01,女,70代以上,0.0434
S01,男,10代,0.00962
S01,男,20代,0.0841
S01,男,30代,0.09773
S01,男,40代,0.07493
S01,男,50代,0.05515
S01,男,60代,0.03805
S01,男,70代以上,0.02042
S02,女,10代,0.0162
S02,女,20代,0.135
S02,女,30代,0.1404
S02,女,40代,0.1026
S02,女,50代,0.0756
S02,女,60代,0.0486
S02,女,70代以上,0.0216
S02,男,10代,0.017
S02,男,20代,0.13031
S02,男,30代,0.12469
S02,男,40代,0.08383
S02,男,50代,0.05683
S02,男,60代,0.03361
S02,男,70代以上,0.01374
S03,女,10代,0.0186
S03,女,20代,0.0682
S03,女,30代,0.1364
S03,女,40代,0.1426
S03,女,50代,0.1116
S03,女,60代,0.0868
S03,女,70代以上,0.0558
S03,男,10代,0.01476
S03,男,20代,0.04979
S03,男,30代,0.09162
S03,男,40代,0.08812
S03,男,50代,0.06345
S03,男,60代,0.0454
S03,男,70代以上,0.02685
S04,女,10代,0.0124
S04,女,20代,0.0496
S04,女,30代,0.0806
S04,女,40代,0.1054
S04,女,50代,0.124
S04,女,60代,0.1302
S04,女,70代以上,0.1178
S04,男,10代,0.01037
S04,男,20代,0.03816
S04,男,30代,0.05705
S04,男,40代,0.06864
S04,男,50代,0.07429
S04,男,60代,0.07176
S04,男,70代以上,0.05973
S05,女,10代,0.0124
S05,女,20代,0.0558
S05,女,30代,0.0992
S05,女,40代,0.124
S05,女,50代,0.124
S05,女,60代,0.1116
S05,女,70代以上,0.093
S05,男,10代,0.01018
S05,男,20代,0.04213
S05,男,30代,0.06891
S05,男,40代,0.07924
S05,男,50代,0.0729
S05,男,60代,0.06036
S05,男,70代以上,0.04628
