store_id,category_major,category,sales_share,gross_margin_rate,sales_amount,gross_profit
S01,生鮮,青果,0.13798,0.3097,53580896,16593231
S01,生鮮,精肉,0.09254,0.2826,35935643,10156810
S01,生鮮,鮮魚,0.06582,0.2543,25560165,6499786
S01,惣菜,惣菜・弁当,0.12449,0.4163,48342078,20125960
S01,惣菜,ベーカリー,0.02796,0.3958,10856647,4296534
S01,日配,牛乳・乳製品,0.05427,0.2146,21075142,4522640
S01,日配,和日配,0.03896,0.2427,15128908,3672323
S01,日配,洋日配,0.03662,0.2732,14222109,3885718
S01,日配,冷凍食品,0.05321,0.2773,20663772,5730576
S01,グロサリー,米・麺,0.03229,0.1756,12539032,2202476
S01,グロサリー,調味料,0.03575,0.2298,13881190,3190031
S01,グロサリー,加工食品,0.06216,0.2486,24136663,6000852
S01,グロサリー,菓子,0.05769,0.2564,22402158,5743613
S01,飲料・酒,飲料,0.06409,0.2157,24887640,5368451
S01,飲料・酒,酒類,0.05224,0.1677,20287107,3402125
S01,非食品,日用品,0.0372,0.2225,14446989,3214486
S01,非食品,ヘルス＆ビューティ,0.02291,0.3117,8895659,2772882
S01,非食品,その他非食品,0.00382,0.3337,1483992,495257
S02,生鮮,青果,0.10477,0.3076,19587429,6024458
S02,生鮮,精肉,0.07982,0.2807,14922235,4188819
S02,生鮮,鮮魚,0.05062,0.2734,9464788,2587543
S02,惣菜,惣菜・弁当,0.16576,0.4211,30990751,13050576
S02,惣菜,ベーカリー,0.03547,0.3909,6631460,2592503
S02,日配,牛乳・乳製品,0.04835,0.2206,9039543,1994173
S02,日配,和日配,0.03289,0.2487,6149892,1529559
S02,日配,洋日配,0.03882,0.2627,7256993,1906178
S02,日配,冷凍食品,0.06134,0.2925,11467752,3354483
S02,グロサリー,米・麺,0.02447,0.1714,4575231,784156
S02,グロサリー,調味料,0.02721,0.2579,5088022,1312411
S02,グロサリー,加工食品,0.05724,0.2352,10701733,2517235
S02,グロサリー,菓子,0.05389,0.2514,10074407,2532646
S02,飲料・酒,飲料,0.08399,0.1886,15703572,2961775
S02,飲料・酒,酒類,0.08515,0.1825,15919104,2905380
S02,非食品,日用品,0.03081,0.221,5760469,1273034
S02,非食品,ヘルス＆ビューティ,0.01486,0.3063,2778495,851023
S02,非食品,その他非食品,0.00454,0.3309,848114,280654
S03,生鮮,青果,0.13374,0.2957,36236268,10713787
S03,生鮮,精肉,0.10869,0.2937,29449585,8647980
S03,生鮮,鮮魚,0.06299,0.2661,17066035,4541754
S03,惣菜,惣菜・弁当,0.0883,0.412,23923056,9857376
S03,惣菜,ベーカリー,0.03244,0.4041,8787979,3551340
S03,日配,牛乳・乳製品,0.06086,0.2331,16490603,3843212
S03,日配,和日配,0.04033,0.2597,10926358,2838100
S03,日配,洋日配,0.03227,0.2614,8741913,2285184
S03,日配,冷凍食品,0.03956,0.2774,10717172,2972792
S03,グロサリー,米・麺,0.04282,0.1576,11600514,1827972
S03,グロサリー,調味料,0.04571,0.2613,12384437,3236483
S03,グロサリー,加工食品,0.06317,0.228,17114643,3902283
S03,グロサリー,菓子,0.0758,0.2645,20536309,5431064
S03,飲料・酒,飲料,0.06594,0.2043,17865709,3650225
S03,飲料・酒,酒類,0.04313,0.1655,11686674,1933839
S03,非食品,日用品,0.04199,0.2201,11378085,2503931
S03,非食品,ヘルス＆ビューティ,0.01798,0.3171,4872821,1544969
S03,非食品,その他非食品,0.00429,0.3386,1161830,393392
S04,生鮮,青果,0.12974,0.311,21741801,6762192
S04,生鮮,精肉,0.09531,0.2829,15972557,4519299
S04,生鮮,鮮魚,0.09164,0.2591,15357229,3978995
S04,惣菜,惣菜・弁当,0.12418,0.4223,20810673,8788310
S04,惣菜,ベーカリー,0.02959,0.3896,4958875,1932162
S04,日配,牛乳・乳製品,0.04391,0.2267,7359061,1668087
S04,日配,和日配,0.05852,0.2556,9807149,2506669
S04,日配,洋日配,0.03436,0.2679,5757388,1542574
S04,日配,冷凍食品,0.04768,0.2704,7990778,2160821
S04,グロサリー,米・麺,0.03691,0.1618,6184996,1000917
S04,グロサリー,調味料,0.03475,0.2516,5822937,1464941
S04,グロサリー,加工食品,0.05998,0.2334,10050642,2346198
S04,グロサリー,菓子,0.04091,0.2705,6855171,1854145
S04,飲料・酒,飲料,0.06986,0.2126,11706810,2489450
S04,飲料・酒,酒類,0.04621,0.1726,7743923,1336696
S04,非食品,日用品,0.03516,0.2145,5891999,1263715
S04,非食品,ヘルス＆ビューティ,0.01541,0.3213,2582921,829945
S04,非食品,その他非食品,0.00588,0.3474,985084,342237
S05,生鮮,青果,0.13269,0.3035,11672833,3542205
S05,生鮮,精肉,0.10277,0.2862,9040565,2587126
S05,生鮮,鮮魚,0.07583,0.2397,6670773,1598923
S05,惣菜,惣菜・弁当,0.07856,0.4139,6911152,2860349
S05,惣菜,ベーカリー,0.03096,0.3876,2723740,1055848
S05,日配,牛乳・乳製品,0.05038,0.206,4431499,912667
S05,日配,和日配,0.0512,0.2535,4504118,1141586
S05,日配,洋日配,0.02645,0.2676,2326452,622655
S05,日配,冷凍食品,0.03461,0.2927,3044614,891055
S05,グロサリー,米・麺,0.06182,0.1667,5438694,906831
S05,グロサリー,調味料,0.0417,0.2493,3668378,914437
S05,グロサリー,加工食品,0.06817,0.2325,5996868,1394283
S05,グロサリー,菓子,0.05408,0.2677,4757679,1273521
S05,飲料・酒,飲料,0.07693,0.2005,6767842,1357159
S05,飲料・酒,酒類,0.03435,0.1672,3021402,505170
S05,非食品,日用品,0.05796,0.2171,5099095,1107186
S05,非食品,ヘルス＆ビューティ,0.01776,0.3245,1562123,506905
S05,非食品,その他非食品,0.00378,0.3459,332163,114890
